,traffic_cell_name,test2,test1
0,7_traffic_cell,2.00000145236697,1.000000726183485
1,4_traffic_cell,2.0000006925972,1.0000003462986
2,2_traffic_cell,2.00000124164306,1.00000062082153
3,6_traffic_cell,2.00000243436339,1.000001217181695
4,0_super_traffic_cell,2.00000181745838,1.00000090872919
5,5_traffic_cell,2.00000168729892,1.00000084364946
6,3_traffic_cell,2.00000012311842,1.00000006155921
7,1_the_funny_cat,2.00000151467592,1.00000075733796
