,traffic_cell_name,test2,test1
0,7_traffic_cell,2.0000001500905817,1.0000000750452909
1,4_traffic_cell,2.0000001070705657,1.0000000535352829
2,2_traffic_cell,2.0000000738862354,1.0000000369431177
3,6_traffic_cell,2.000000140069603,1.0000000700348015
4,0_super_traffic_cell,2.000000240022988,1.000000120011494
5,5_traffic_cell,2.0000002221434507,1.0000001110717254
6,3_traffic_cell,2.0000000418872954,1.0000000209436477
7,1_the_funny_cat,2.0000001485215173,1.0000000742607587
